,Accuracy,F1-Score,Recall,Precision,Time (Sec)
0,0.963755498194472,0.9619214942241875,0.9571159901726704,0.966828551775731,1175.6068474292756
