,Accuracy,F1-Score,Recall,Precision,Time (Sec)
0,0.9502897693742625,0.9476289342905826,0.9404106543479014,0.9550316583495938,1197.9572797775268
