,ID,Accuracy,F1-Score,Recall,Precision,Time (Sec)
0,,0.8551028621464974,0.8544530117263835,0.850645790470848,0.8583149124398151,0.20314197540283202
