,ID,Accuracy,F1-Score,Recall,Precision,Time (Sec)
0,,0.9382708385010108,0.9358207271929576,0.940805304681823,0.9309099536589021,1.85401349067688
