,ID,Accuracy,F1-Score,Recall,Precision,Time (Sec)
0,,0.9558224981541491,0.9560945221580688,0.9620133699952321,0.9502483925741364,0.021855783462524415
