,ID,Accuracy,F1-Score,Recall,Precision,Time (Sec)
0,,0.9398251393156795,0.9407722494662742,0.9558168198639226,0.9261943198486394,0.16660575866699218
