,ID,Accuracy,F1-Score,Recall,Precision,Time (Sec)
0,,0.9933600136799253,0.9933677855234817,0.9945311108460322,0.9922072272597913,295.0531267642975
