,ID,Accuracy,F1-Score,Recall,Precision,Time (Sec)
0,,0.93764791272895,0.938107481030406,0.9451519872317755,0.9311805082661998,8.845392608642578
