,ID,Accuracy,F1-Score,Recall,Precision,Time (Sec)
0,,0.8980354293038776,0.8987489260630562,0.9051756215196127,0.8924320268626083,427.3076077461243
