,ID,Accuracy,F1-Score,Recall,Precision,Time (Sec)
0,,0.8749317828944021,0.8744650498217211,0.8712138381270152,0.8777411832187132,0.03437800407409668
