,ID,Accuracy,F1-Score,Recall,Precision,Time (Sec)
0,,0.9236097850292324,0.9212263803698603,0.9337030693103567,0.9091237731577809,361.6625286102295
