,ID,Accuracy,F1-Score,Recall,Precision,Time (Sec)
0,,0.9327361757540833,0.9338752314976924,0.9500182283530162,0.9182860835953466,1806.052501487732
