,ID,Accuracy,F1-Score,Recall,Precision,Time (Sec)
0,,0.9554493370294477,0.9536883196858673,0.958958441468563,0.9485087842029063,453.9326096534729
