,Accuracy,F1-Score,Recall,Precision,Time (Sec)
0,0.9926220908167798,0.9922503672787292,0.9874375855794414,0.9971107739517382,56.378574419021604
