,ID,Accuracy,F1-Score,Recall,Precision,Time (Sec)
0,,0.9508596341145299,0.9512868071600835,0.9596144504247233,0.9431047079414526,3547.3872838974
