,ID,Accuracy,F1-Score,Recall,Precision,Time (Sec)
0,,0.9978290978823259,0.9977328677933037,0.9986187834398939,0.9968486320860332,53.15934329032898
