,Accuracy,F1-Score,Recall,Precision,Time (Sec)
0,0.9996389359605177,0.9996416425281769,0.999283625692723,1.0,5.522831439971924
