,Accuracy,F1-Score,Recall,Precision,Time (Sec)
0,0.9286157479812326,0.929796669660913,0.9381851553856985,0.921745162065427,73.25094184875488
