,ID,Accuracy,F1-Score,Recall,Precision,Time (Sec)
0,,0.9386169113572926,0.936770973686699,0.9505721969675953,0.9233652929967974,0.08120837211608886
