,ID,Accuracy,F1-Score,Recall,Precision,Time (Sec)
0,,0.9659262538840905,0.9644250025746487,0.9655353970980711,0.9633190533479994,0.009376621246337891
