,ID,Accuracy,F1-Score,Recall,Precision,Time (Sec)
0,,0.9013973268168961,0.8933582057756124,0.8634575590850894,0.9254460748967095,53.954769134521484
