,ID,Accuracy,F1-Score,Recall,Precision,Time (Sec)
0,,0.7793865342315871,0.7015534468217579,0.5423601162669989,0.9935137736676982,0.09063453674316406
