,ID,Accuracy,F1-Score,Recall,Precision,Time (Sec)
0,,0.8242511616526622,0.7755713535679585,0.63486567208086,0.9964392861110779,0.018749046325683593
