,Accuracy,F1-Score,Recall,Precision,Time (Sec)
0,0.825,0.8006162464985994,0.8,0.8134920634920636,1.2195817470550536
