,Accuracy,F1-Score,Recall,Precision,Time (Sec)
0,0.8125,0.7873809523809523,0.7750000000000001,0.8107142857142857,1.2185399532318115
