,Accuracy,F1-Score,Recall,Precision,Time (Sec)
0,0.975,0.9723973727422003,0.9790640394088669,0.9661608136024153,0.05226812362670898
