,ID,Accuracy,F1-Score,Recall,Precision,Time (Sec)
0,MNB-0001,0.8523828457401347,0.8289454036316645,0.7096801367514207,0.9964091979477561,0.01179041862487793
