,ID,Accuracy,F1-Score,Recall,Precision,Time (Sec)
0,SVM-0001,0.9944296264331387,0.9944798067707138,0.9954973599960211,0.9934646939598958,7.129974889755249
