,Accuracy,F1-Score,Recall,Precision,Time (Sec)
0,0.9077782388050174,0.911288031980404,0.9402360119346944,0.8841821140257513,187.63827390670775
