,ID,Accuracy,F1-Score,Recall,Precision,Time (Sec)
0,GBC-0001,0.9445015186558623,0.9460920103159894,0.9662295193543573,0.9267798126316693,0.0277923583984375
