,ID,Accuracy,F1-Score,Recall,Precision,Time (Sec)
0,LR-0001,0.9416134586178415,0.9431224066490145,0.9603972178520289,0.9264607958415721,0.008234357833862305
