,ID,Accuracy,F1-Score,Recall,Precision,Time (Sec)
0,RFC-0001,0.8679595289010884,0.8699015908557859,0.876379529987596,0.8636768744056059,19.052172231674195
