,ID,Accuracy,F1-Score,Recall,Precision,Time (Sec)
0,SVM-0001,0.9127292457948997,0.9164539838784271,0.9496505078950015,0.8856310796239011,34.15501337051391
