,ID,Accuracy,F1-Score,Recall,Precision,Time (Sec)
0,LR-0001,0.8982881703956679,0.9023699600172224,0.9332755037044487,0.8735871052773112,0.7402834415435791
