,ID,Accuracy,F1-Score,Recall,Precision,Time (Sec)
0,GBC-0001,0.8815754364686732,0.8852053773717088,0.906670521975259,0.8649083078019354,132.38700366020203
