,ID,Accuracy,F1-Score,Recall,Precision,Time (Sec)
0,MNB-0001,0.7705778089857755,0.708293274917969,0.5554619665426263,0.9813060536887235,0.04772653579711914
