,Accuracy,F1-Score,Recall,Precision,Time (Sec)
0,0.9887560137987308,0.9888036988735649,0.9851614760986056,0.9924740440697575,7.365325546264648
