,Accuracy,F1-Score,Recall,Precision,Time (Sec)
0,0.7327586206896551,0.7406526806526805,0.7704761904761904,0.7342213342213342,3.0634242057800294
