,Accuracy,F1-Score,Recall,Precision,Time (Sec)
0,0.9998741507632701,0.9998684751324689,1.0,0.9997369880993784,53.981973028182985
